"0","install.packages(""ggplot2"")"
"1","Error in "
"1",""
"1","install.packages"
"1",""
"1"," : "
"1",""
"1","Updating loaded packages"
"1",""
"1","
"
"0","install.packages(""tidyverse"")"
"2","
"
"2","
"
"0","install.packages(""ggplot2"")"
"2","Installing package into ‘C:/Users/Usuario/Documents/R/win-library/4.1’
(as ‘lib’ is unspecified)
"
"2","
"
"2","
"
"0","install.packages(""dplyr"")"
"1","Error in "
"1",""
"1","install.packages"
"1",""
"1"," : "
"1",""
"1","Updating loaded packages"
"1",""
"1","
"
"0","install.packages(""corrplot"")"
"2","
"
"2","
"
"0","install.packages(""dplyr"")"
"2","Installing package into ‘C:/Users/Usuario/Documents/R/win-library/4.1’
(as ‘lib’ is unspecified)
"
"2","
"
